Project,Year,Site Code,Requestor Org,Project Type,Facility Type,Transaction Type,Address,City,State,Zip Code,Centroid,TM,PCM,CM,Biz Req. First Receive Date
26_1DC_NA_US_West Jefferson_OOH9,2026,OOH9,NA_FC,New Launch,1DC,Purchase,44 Commerce Parkway,West Jefferson,OH,43162,,Arman Fashandi,Nuraldiin Singh,Michael Tarry,6/1/2026
26_1DC_NA_US_Greenfield_OIN9,2026,OIN9,NA_FC,New Launch,1DC,Internal Transfer,2625 North Buck Creek Road,Greenfield,IN,46140,,Philip Ristevski,David Trimble,Richard Flores,6/1/2026
27_1DC_NA_US_Manchester_OPA8,2027,OPA8,NA_FC,New Launch,1DC,New Lease,North Susquehanna Trail,Manchester,PA,17404,,Arman Fashandi,Maria Albulescu,,6/22/2027
28_AMZL_NA_US_Dayton_DOH3,2028,DOH3,AMZL,New Launch,AMZL,Purchase,Commerce Center Drive & Heritage Drive,Franklin,OH,45005,45420,Al Patel,Albert Chon,Pat Kelley,8/1/2028
28_AMZL_NA_US_Cincinnati_DOH2,2028,DOH2,AMZL,New Launch,AMZL,Purchase,0 Half Acre Road,Lebanon,OH,45036,45103,Al Patel,Albert Chon,Pat Kelley,8/1/2028
27_AMZL_NA_US_Madison_DKE3,2027,DKE3,AMZL,New Launch,AMZL,Purchase,Hickory Lane & Linde Street,Madison,WI,53532,53953,Richard Corley,Jerry Wang<br />Jerry Wang,Barbara Santos<br />Barbara Santos,1/1/2027
27_AMZ_NA_US_Sheboygan_DSB2,2027,DSB2,AMZL,New Launch,AMZL,Purchase,Stahl Road and South Taylor Drive,Sheboygan,WI,53081,53085,Richard Corley,Jerry Wang,Asher Cousin,1/1/2027
28_ARS_NA_US_HAMILTON_ACY4,2028,ACY4,NA_FC,New Launch,AR Sortable,Purchase,4501 Black Horse Pike,Hamilton,NJ,,,Arman Fashandi,Gary Gallagher,Allison Nichols,5/1/2028
26_Bridge_NA_US_Farmington_DZS9_3,2026,DZS9_3,AMZL,New Launch,Bridge,New Lease,,Farmington,MO,,,,,,9/1/2026
26_Bridge_NA_US_Sheboygan_DZK2_4,2026,DZK2_4,AMZL,New Launch,Bridge,New Lease,4117 Playbird Rd,Sheboygan,WI,53083,,,,,9/1/2026
26_Bridge_NA_US_Sheboygan_DZK2_2,2026,DZK2_2,AMZL,New Launch,Bridge,New Lease,"200 Industrial Drive,",Fredonia,WI,,,Richard Corley,,,9/1/2026
26_Bridge_NA_US_Shell Lake_DZE9_2,2026,DZE9_2,AMZL,New Launch,Bridge,New Lease,911 Pine St,St Croix Falls,WI,54024,,,,,9/1/2026
26_Bridge_NA_US_Shell Lake_DZE9_3,2026,DZE9_3,AMZL,New Launch,Bridge,New Lease,811 Pine St,St Croix Falls,WI,54024,,,,,9/1/2026
26_Bridge_NA_US_Old Washington_DZE7_2,2026,DZE7_2,AMZL,New Launch,Bridge,New Lease,2411 E. Wheeling Ave.,Cambridge,OH,43725,,,Matt Ho,,9/1/2026
26_Bridge_NA_US_South Shore_DZE5_1,2026,US41175,AMZL,New Launch,Bridge,New Lease,,South Shore,KY,,,,,,9/1/2026
26_Bridge_NA_US_Shell Lake_DZE9_1,2026,DZE9_1,AMZL,New Launch,Bridge,New Lease,310 W South St,Rice Lake,WI,54868,,,,,9/1/2026
26_Bridge_NA_US_Louisa_DZE6_1,2026,DZE6_1,AMZL,New Launch,Bridge,New Lease,515 W 8th Ave W,Huntington,WV,25704,,,,,9/1/2026
26_Bridge_NA_US_Jackson_DZE8_1,2026,DZE8_1,AMZL,New Launch,Bridge,New Lease,1 General Tibbets Dr,Jackson,OH,45640,,,Matt Ho,,9/1/2026
26_ATH Hub_NA_US_Hebron_CVG47,2026,CVG47,NAST,New Launch,CNG Fill Station,Purchase,Litton Lane,Hebron,KY,41048,,Phillip Perri,Tannaz H<br />Tannaz H,Steven Baumgardner,8/1/2026
29_Oth_NA_US_Shippensburg_Mid-Atlantic_Pipeline_3,2029,Mid-Atlantic_Pipeline_3,NA_FC,New Launch,Other,Purchase,Cramer Road,Shippensburg,PA,17257,,Arman Fashandi,,,8/1/2029
29_Oth_NA_US_Chambersburg_HIA2,2029,HIA2,NA_FC,New Launch,Other,Purchase,3055 Black Gap Road,Chambersburg,PA,17202,,Arman Fashandi,,,6/1/2029
28_Flex_Shell_NA_US_Greatlakes_28_Flex_Shell_1,2028,28_Flex_Shell_1,NA_FC,New Launch,Other,Purchase,,Mid-Missouri,TBD,,,Arman Fashandi,,,8/1/2028
28_RDC_NA_US_West Jefferson_CMH8,2028,CMH8,NA_FC,New Launch,Other,Purchase,1025 Enterprise Parkway South,West Jefferson,OH,43162,,Arman Fashandi,Jacob Cooper-bennett,John Osborne,5/9/2028
28_Flex_Shell_NA_US_Mercer_CAK5,2028,CAK5,NA_FC,New Launch,Other,Purchase,Interstate 80 & Route 19,Mercer,PA,16137,,Arman Fashandi,Jorge Cornet,Michael Tarry,4/25/2028
28_PDC_NA_US_Toledo_TBD_Toledo,2028,TBD_Toledo,AMZL,New Launch,PDC(Portable Distribution Center),New Lease,,Toledo,OH,US43560,,Richard Corley,,,8/1/2028
27_PDC_NA_US_Canton_DZX7,2027,DZX7,AMZL,New Launch,PDC(Portable Distribution Center),New Lease,,Canton,OH,,,Richard Corley,,,8/1/2027
26_QC_NA_US_Kansas City_Armour Fields,2026,Armour Fields,Quick Commerce,New Launch,Quick Commerce,New Lease,,Kansas City,MO,,,Jason Kirkham,,,8/1/2026
26_QC_NA_US_Columbus_Upper Arlington,2026,Upper Arlington,Quick Commerce,New Launch,Quick Commerce,New Lease,,Columbus,OH,,,Jason Kirkham,,,8/1/2026
26_QC_NA_US_Minneapolis_Maple Grove,2026,Maple Grove,Quick Commerce,New Launch,Quick Commerce,New Lease,,Minneapolis,MN,,,Jason Kirkham,,,8/1/2026
26_QC_NA_US_Indianapolis_Fishers,2026,Fishers,Quick Commerce,New Launch,Quick Commerce,New Lease,,Indianapolis,IN,,,Jason Kirkham,,,8/1/2026
26_QC_NA_US_Indianapolis_Fishers-a,2026,Fishers-a,Quick Commerce,New Launch,Quick Commerce,New Lease,14383 Herriman Boulevard,Noblesville,IN,46060,,Jason Kirkham,,,8/1/2026
26_QC_NA_US_St Louis_Central West End,2026,Central West End,Quick Commerce,New Launch,Quick Commerce,New Lease,,St Louis,MO,,,Jason Kirkham,,,8/1/2026
26_QC_NA_US_Detroit_Royal Oak_ZDT6,2026,ZDT6,Quick Commerce,New Launch,Quick Commerce,New Lease,"409 East Hudson Avenue, Building C",Royal Oak,MI,48067,,Jason Kirkham,Himanshu Kondlekar,,8/1/2026
26_QC_NA_US_Cleveland_Lakewood_ZCL3,2026,ZCL3,Quick Commerce,New Launch,Quick Commerce,New Lease,"10225 Berea Road, Unit A",Cleveland,OH,44102,,Chatman Young,Amrutha Ederada,Mike Pierce,8/1/2026
26_QC_NA_US_Cleveland_University Heights_ZCL2,2026,ZCL2,Quick Commerce,New Launch,Quick Commerce,New Lease,4353 Cranwood Parkway,Warrensville Heights,OH,44128,,Chatman Young,Amrutha Ederada,Mike Pierce,8/1/2026
26_QC_NA_US_Indianapolis_DT Indianapolis,2026,DT Indianapolis,Quick Commerce,New Launch,Quick Commerce,New Lease,,Indianapolis,IN,,,Jason Kirkham,,,8/1/2026
26_QC_NA_US_Minneapolis_DT Minneapolis,2026,DT Minneapolis,Quick Commerce,New Launch,Quick Commerce,New Lease,,Minneapolis,MN,,,Jason Kirkham,,,8/1/2026
26_QC_NA_US_Minneapolis_Summit Hills,2026,Summit Hills,Quick Commerce,New Launch,Quick Commerce,New Lease,,Minneapolis,MN,,,Jason Kirkham,,,8/1/2026
26_QC_NA_US_Minneapolis_Shelard Park_ZMP1,2026,ZMP1,Quick Commerce,New Launch,Quick Commerce,New Lease,8337 10th Avenue North,Golden Valley,MN,55427,,Jason Kirkham,Omar Salim,Ryan Caragher,8/1/2026
26_QC_NA_US_Indianapolis_Meridian Kessler_ZIN1,2026,ZIN1,Quick Commerce,New Launch,Quick Commerce,New Lease,4191 Millersville Road,Indianapolis,IN,46205,,Jason Kirkham,Amrutha Ederada,Christopher Truschke,8/1/2026
26_QC_NA_US_Indianapolis_Carmel_ZIN3,2026,ZIN3,Quick Commerce,New Launch,Quick Commerce,New Lease,12208 Hancock Street,Carmel,IN,46032,,Jason Kirkham,Himanshu Kondlekar,Christopher Truschke,8/1/2026
26_QC_NA_US_Columbus_German Village_ZCM2,2026,ZCM2,Quick Commerce,New Launch,Quick Commerce,New Lease,865 Parsons Avenue,Columbus,OH,43206,,Chatman Young,Amrutha Ederada,Mike Pierce,8/1/2026
26_QC_NA_US_Columbus_Short North_ZCM3,2026,ZCM3,Quick Commerce,New Launch,Quick Commerce,New Lease,876 North 20th Street,Columbus,OH,43219,,Chatman Young,Amrutha Ederada,Mike Pierce,8/1/2026
26_QC_NA_US_Detroit_Grosse Pointe_ZDT4,2026,ZDT4,Quick Commerce,New Launch,Quick Commerce,New Lease,20010-20012 East 9 Mile Road,St Clair Shores,MI,48080,,Jason Kirkham,Omar Salim,Christopher Truschke,8/1/2026
26_QC_NA_US_Detroit_Ann Arbor_ZDT2,2026,ZDT2,Quick Commerce,New Launch,Quick Commerce,New Lease,1400 Eisenhower Place,Ann Arbor,MI,48108,,Jason Kirkham,Omar Salim,Christopher Truschke,8/1/2026
26_QC_NA_US_Minneapolis_Uptown Minneapolis_ZMS3,2026,ZMS3,Quick Commerce,New Launch,Quick Commerce,New Lease,1936 Lyndale Avenue South,Minneapolis,MN,55403,,Jason Kirkham,Amrutha Ederada,Christopher Truschke,8/1/2026
26_QC_NA_US_Cleveland_DT Cleveland,2026,DT Cleveland,Quick Commerce,New Launch,Quick Commerce,New Lease,,Cleveland,OH,,,Chatman Young,,,8/1/2026
26_QC_NA_US_Detroit_DT Detroit_ZDT5,2026,ZDT5,Quick Commerce,New Launch,Quick Commerce,New Lease,3030 Chene Street,Detroit,MI,48207,,Jason Kirkham,Himanshu Kondlekar,Christopher Truschke,8/1/2026
26_QC_NA_US_St Louis_DT Clayton_ZLI1,2026,ZLI1,Quick Commerce,New Launch,Quick Commerce,New Lease,2335 South Hanley Road,Brentwood,MO,63144,,Jason Kirkham,Omar Salim,Christopher Truschke,8/1/2026
26_QC_NA_US_Kansas City_Country Club Plaza_ZMO2,2026,ZMO2,Quick Commerce,New Launch,Quick Commerce,New Lease,835 West 39th Street,Kansas City,MO,64111,,Jason Kirkham,Sarah Vandiver,Michael Reed,8/1/2026
26_QC_NA_US_Detroit_Birmingham_ZDT3,2026,ZDT3,Quick Commerce,New Launch,Quick Commerce,New Lease,4310 Delemere Boulevard,Royal Oak,MI,48073,,Jason Kirkham,Omar Salim,Christopher Truschke,8/1/2026
26_QC_NA_US_Kansas City_DT Kansas City_ZMO3,2026,ZMO3,Quick Commerce,New Launch,Quick Commerce,New Lease,1814 Oak Street,Kansas City,MO,64116,,Jason Kirkham,,,8/1/2026
26_QC_NA_US_Kansas City_North Kansas City_ZKC1,2026,ZKC1,Quick Commerce,New Launch,Quick Commerce,New Lease,1014 East 18th Avenue,North Kansas City,MO,64116,,Jason Kirkham,Omar Salim,Stedman Esene,8/1/2026
26_QC_NA_US_St Louis_DT St Louis_ZLI2,2026,ZLI2,Quick Commerce,New Launch,Quick Commerce,New Lease,2800 Clark Avenue,St Louis,MO,63103,,Jason Kirkham,Omar Salim,Christopher Truschke,8/1/2026
29_RVL_NA_US_Toledo_TOLx,2029,TOLx,Reverse Logistics,New Launch,Reverse Logistics,New Lease,,Toledo,OH,,,Phillip Perri,Stacey Pryor,Yorm Amesu,3/1/2029
28_RSR DS_NA_US_Seaford_DDL7-1,2028,DDL7-1,R2L,New Launch,RSR - DS,Purchase,,Seaford,DE,,19973,Al Patel,Ankit Mandawewala,,8/1/2028
27_RSR_NA_US_Warsaw_WKM2,2027,WKM2,R2L,New Launch,RSR - DS,Purchase,Commerce Parkway,Warsaw,VA,22572,22572,Kristen DeFamio,Gaby Jiyoung Song,Farhan Bassim,8/15/2027
27_RSR_NA_US_Farmington_WMO5-1,2027,WMO5-1,R2L,New Launch,RSR - DS,Purchase,3100 Fairgrounds Drive,Park Hills,MO,63601,63640,Dave Rende,Dheeraj Grover,Cody Fuschak,8/15/2027
26_SSD DC_NA_US_Cincinnati_HOHX,2026,HOHX,R2L,New Launch,Sub Same Day DC,New Lease,,Cincinnati,OH,,,Dave Chojnowski,,,10/1/2026
27_SSD FC_NA_US_Columbus_SOH9-2,2027,SOH9-2,R2L,New Launch,Sub Same Day FC,New Lease,2255 Parsons Avenue,Columbus,OH,43207,43214,Adam Knoll,Manish Singh,Manish Singh,4/1/2027
28_SSD FC_NA_US_Cleveland_SOHC,2028,SOHC,R2L,New Launch,Sub Same Day FC,New Lease,,Cleveland,OH,,44101,Adam Knoll,,,1/1/2028
